<?xml version="1.0" encoding="UTF-8"?>
<project-private xmlns="http://www.netbeans.org/ns/project-private/1">
    <editor-bookmarks xmlns="http://www.netbeans.org/ns/editor-bookmarks/2" lastBookmarkId="0"/>
    <open-files xmlns="http://www.netbeans.org/ns/projectui-open-files/2">
        <group>
            <file>file:/home/bas200181/NetBeansProjects/Khatabooknew/src/KhataBook/KhataBook.java</file>
            <file>file:/home/bas200181/NetBeansProjects/Khatabooknew/src/KhataBook/Orders.java</file>
            <file>file:/home/bas200181/NetBeansProjects/Khatabooknew/src/KhataBook/rough.java</file>
            <file>file:/home/bas200181/NetBeansProjects/Khatabooknew/src/KhataBook/Customer.java</file>
        </group>
    </open-files>
</project-private>
